">1AB2:A"	"GSGNSLEKHSWYHGPVSRNAAEYLLSSGINGSFLVRESESSPGQRSISLRYEGRVYHYRINTASDGKLYVSSESRFNTLAELVHHHSTVADGLITTLHYPAPKRGIHRD"
">1AB3:A"	"PITKEEKQKVIQEFARFPGDTGSTEVQVALLTLRINRLSEHLKVHKKDHHSHRGLLMMVGQRRRLLRYLQREDPERYRALIEKLGIRG"
">1AB4:A"	"VGRALPDVRDGLKPVHRRVLYAMNVLGNDWNKAYKKSARVVGDVIGKYHPHGDSAVYDTIVRMAQPFSLRYMLVDGQGNFGSIDGDSAAAMRYTEIRLAKIAHELMADLEKETVDFVDNYDGTEKIPDVMPTKIPNLLVNGSSGIAVGMATNIPPHNLTEVINGCLAYIDDEDISIEGLMEHIPGPDFPTAAIINGRRGIEEAYRTGRGKVYIRARAEVEVDAKTGRETIIVHEIPYQVNKARLIEKIAELVKEKRVEGISALRDESDKDGMRIVIEVKRDAVGEVVLNNLYSQTQLQVSFGINMVALHHGQPKIMNLKDIIAAFVRHRREVVTRRTIFELRKARDRAHILEALAVALANIDPIIELIRHAPTPAEAKTALVANPWQLGNVAAMLERAGDDAARPEWLEPEFGVRDGLYYLTEQQAQAILDLRLQKLTGLEHEKLLDEYKELLDQIAELLRILGSADRLMEVIREELELVREQFGDKRRTEIT"
">1AB5:B"	"ELKFLVVDDNSTMRRITRNLLKELGFNNVEEAEDGVDALNKLQAGGYGFVISDWNMPNMDGLELLKTIRADGAMSALPVLMVTAEAKKENIIAAAQAGASGYVVKPFTAATLEEKLNKIFEKLGM"
">1AB5:A"	"ELKFLVVDDNSTMRRITRNLLKELGFNNVEEAEDGVDALNKLQAGGYGFVISDWNMPNMDGLELLKTIRADGAMSALPVLMVTAEAKKENIIAAAQAGASGYVVKPFTAATLEEKLNKIFEKLGM"
">1AB6:A"	"ELKFLVVDDNSTMRRIVRNLLKELGFNNVEEAEDGVDALNKLQAGGYGFVISDWNMPNMDGLELLKTIRADGAMSALPVLMTTAEAKKENIIAAAQAGASGYVVKPFTAATLEEKLNKIFEKLGM"
">1AB6:B"	"ELKFLVVDDNSTMRRIVRNLLKELGFNNVEEAEDGVDALNKLQAGGYGFVISDWNMPNMDGLELLKTIRADGAMSALPVLMTTAEAKKENIIAAAQAGASGYVVKPFTAATLEEKLNKIFEKLGM"
">1AB7:A"	"KKAVINGEQIRSISDLHQTLKKELALPEYYGENLDALWDALTGWVEYPLVLEWRQFEQSKQLTENGAESVLQVFREAKAEGADITIILS"
">1AB8:A"	"SLKNEELYHQSYDCVCVMFASIPDFKEFYTESDVNKEGLECLRLLNEIIADFDDLLSKPKFSGVEKIKTIGSTYMAATGLSAIPSQEHAQEPERQYMHIGTMVEFAYALVGKLDAINKHSFNDFKLRVGINHGPVIAGVIGAQKPQYDIWGNTVNVASRMDSTGVLDKIQVTEETSLILQTLGYTCTCRGIINVKGKGDLKTYFVNTEMSRSLSQSNLAS"
">1AB8:B"	"SLKNEELYHQSYDCVCVMFASIPDFKEFYTESDVNKEGLECLRLLNEIIADFDDLLSKPKFSGVEKIKTIGSTYMAATGLSAIPSQEHAQEPERQYMHIGTMVEFAYALVGKLDAINKHSFNDFKLRVGINHGPVIAGVIGAQKPQYDIWGNTVNVASRMDSTGVLDKIQVTEETSLILQTLGYTCTCRGIINVKGKGDLKTYFVNTEMSRSLSQSNLAS"
">1AB9:D"	"TPGVY"
">1AB9:A"	"CGVPAIQPVLSGL"
">1AB9:B"	"IVNGEEAVPGSWPWQVSLQDKTGFHFCGGSLINENWVVTAAHCGVTTSDVVVAGEFDQGSSSEKIQKLKIAKVFKNSKYNSLTINNDITLLKLSTAASFSQTVSAVCLPSASDDFAAGTTCVTTGWGLTRY"
">1AB9:C"	"ANTPDRLQQASLPLLSNTNCKKYWGTKIKDAMICAGASGVSSCMGDSGGPLVCKKNGAWTLVGIVSWGSSTCSTSTPGVYARVTALVNWVQQTLAAN"
">1ABA:A"	"MFKVYGYDSNIHKCGPCDNAKRLLTVKKQPFEFINIMPEKGVFDDEKIAELLTKLGRDTQIGLTMPQVFAPDGSHIGGFDQLREYFK"
">1ABB:B"	"RKQISVRGLAGVENVTELKKNFNRHLHFTLVKDRNVATPRDYYFALAHTVRDHLVGRWIRTQQHYYEKDPKRIYYLSLEFYMGRTLQNTMVNLALENACDEATYQLGLDMEELEEIEEDAGLGNGGLGRLAACFLDSMATLGLAAYGYGIRYEFGIFNQKICGGWQMEEADDWLRYGNPWEKARPEFTLPVHFYGRVEHTSQGAKWVDTQVVLAMPYDTPVPGYRNNVVNTMRLWSAKAPNDFNLKDFNVGGYIQAVLDRNLAENISRVLYPNDNFFEGKELRLKQEYFVVAATLQDIIRRFKSSKFGCRDPVRTNFDAFPDKVAIQLNDTHPSLAIPELMRVLVDLERLDWDKAWEVTVKTCAYTNHTVIPEALERWPVHLLETLLPRHLQIIYEINQRFLNRVAAAFPGDVDRLRRMSLVEEGAVKRINMAHLCIAGSHAVNGVARIHSEILKKTIFKDFYELEPHKFQNKTNGITPRRWLVLCNPGLAEIIAERIGEEYISDLDQLRKLLSYVDDEAFIRDVAKVKQENKLKFAAYLEREYKVHINPNSLFDVQVKRIHEYKRQLLNCLHVITLYNRIKKEPNKFVVPRTVMIGGKAAPGYHMAKMIIKLITAIGDVVNHDPVVGDRLRVIFLENYRVSLAEKVIPAADLSEQISTAGTEASGTGNMKFMLNGALTIGTMDGANVEMAEEAGEENFFIFGMRVEDVDRLDQRGYNAQEYYDRIPELRQIIEQLSSGFFSPKQPDLFKDIVNMLMHHDRFKVFADYEEYVKCQERVSALYKNPREWTRMVIRNIATSGKFSSDRTIAQYAREIWGVEPSRQRLPAP"
">1ABB:C"	"RKQISVRGLAGVENVTELKKNFNRHLHFTLVKDRNVATPRDYYFALAHTVRDHLVGRWIRTQQHYYEKDPKRIYYLSLEFYMGRTLQNTMVNLALENACDEATYQLGLDMEELEEIEEDAGLGNGGLGRLAACFLDSMATLGLAAYGYGIRYEFGIFNQKICGGWQMEEADDWLRYGNPWEKARPEFTLPVHFYGRVEHTSQGAKWVDTQVVLAMPYDTPVPGYRNNVVNTMRLWSAKAPNDFNLKDFNVGGYIQAVLDRNLAENISRVLYPNDNFFEGKELRLKQEYFVVAATLQDIIRRFKSSKFGCRDPVRTNFDAFPDKVAIQLNDTHPSLAIPELMRVLVDLERLDWDKAWEVTVKTCAYTNHTVIPEALERWPVHLLETLLPRHLQIIYEINQRFLNRVAAAFPGDVDRLRRMSLVEEGAVKRINMAHLCIAGSHAVNGVARIHSEILKKTIFKDFYELEPHKFQNKTNGITPRRWLVLCNPGLAEIIAERIGEEYISDLDQLRKLLSYVDDEAFIRDVAKVKQENKLKFAAYLEREYKVHINPNSLFDVQVKRIHEYKRQLLNCLHVITLYNRIKKEPNKFVVPRTVMIGGKAAPGYHMAKMIIKLITAIGDVVNHDPVVGDRLRVIFLENYRVSLAEKVIPAADLSEQISTAGTEASGTGNMKFMLNGALTIGTMDGANVEMAEEAGEENFFIFGMRVEDVDRLDQRGYNAQEYYDRIPELRQIIEQLSSGFFSPKQPDLFKDIVNMLMHHDRFKVFADYEEYVKCQERVSALYKNPREWTRMVIRNIATSGKFSSDRTIAQYAREIWGVEPSRQRLPAP"
">1ABB:A"	"RKQISVRGLAGVENVTELKKNFNRHLHFTLVKDRNVATPRDYYFALAHTVRDHLVGRWIRTQQHYYEKDPKRIYYLSLEFYMGRTLQNTMVNLALENACDEATYQLGLDMEELEEIEEDAGLGNGGLGRLAACFLDSMATLGLAAYGYGIRYEFGIFNQKICGGWQMEEADDWLRYGNPWEKARPEFTLPVHFYGRVEHTSQGAKWVDTQVVLAMPYDTPVPGYRNNVVNTMRLWSAKAPNDFNLKDFNVGGYIQAVLDRNLAENISRVLYPNDNFFEGKELRLKQEYFVVAATLQDIIRRFKSSKFGCRDPVRTNFDAFPDKVAIQLNDTHPSLAIPELMRVLVDLERLDWDKAWEVTVKTCAYTNHTVIPEALERWPVHLLETLLPRHLQIIYEINQRFLNRVAAAFPGDVDRLRRMSLVEEGAVKRINMAHLCIAGSHAVNGVARIHSEILKKTIFKDFYELEPHKFQNKTNGITPRRWLVLCNPGLAEIIAERIGEEYISDLDQLRKLLSYVDDEAFIRDVAKVKQENKLKFAAYLEREYKVHINPNSLFDVQVKRIHEYKRQLLNCLHVITLYNRIKKEPNKFVVPRTVMIGGKAAPGYHMAKMIIKLITAIGDVVNHDPVVGDRLRVIFLENYRVSLAEKVIPAADLSEQISTAGTEASGTGNMKFMLNGALTIGTMDGANVEMAEEAGEENFFIFGMRVEDVDRLDQRGYNAQEYYDRIPELRQIIEQLSSGFFSPKQPDLFKDIVNMLMHHDRFKVFADYEEYVKCQERVSALYKNPREWTRMVIRNIATSGKFSSDRTIAQYAREIWGVEPSRQRLPAP"
">1ABB:D"	"RKQISVRGLAGVENVTELKKNFNRHLHFTLVKDRNVATPRDYYFALAHTVRDHLVGRWIRTQQHYYEKDPKRIYYLSLEFYMGRTLQNTMVNLALENACDEATYQLGLDMEELEEIEEDAGLGNGGLGRLAACFLDSMATLGLAAYGYGIRYEFGIFNQKICGGWQMEEADDWLRYGNPWEKARPEFTLPVHFYGRVEHTSQGAKWVDTQVVLAMPYDTPVPGYRNNVVNTMRLWSAKAPNDFNLKDFNVGGYIQAVLDRNLAENISRVLYPNDNFFEGKELRLKQEYFVVAATLQDIIRRFKSSKFGCRDPVRTNFDAFPDKVAIQLNDTHPSLAIPELMRVLVDLERLDWDKAWEVTVKTCAYTNHTVIPEALERWPVHLLETLLPRHLQIIYEINQRFLNRVAAAFPGDVDRLRRMSLVEEGAVKRINMAHLCIAGSHAVNGVARIHSEILKKTIFKDFYELEPHKFQNKTNGITPRRWLVLCNPGLAEIIAERIGEEYISDLDQLRKLLSYVDDEAFIRDVAKVKQENKLKFAAYLEREYKVHINPNSLFDVQVKRIHEYKRQLLNCLHVITLYNRIKKEPNKFVVPRTVMIGGKAAPGYHMAKMIIKLITAIGDVVNHDPVVGDRLRVIFLENYRVSLAEKVIPAADLSEQISTAGTEASGTGNMKFMLNGALTIGTMDGANVEMAEEAGEENFFIFGMRVEDVDRLDQRGYNAQEYYDRIPELRQIIEQLSSGFFSPKQPDLFKDIVNMLMHHDRFKVFADYEEYVKCQERVSALYKNPREWTRMVIRNIATSGKFSSDRTIAQYAREIWGVEPSRQRLPAP"
">1ABE:A"	"ENLKLGFLVKQPEEPWFQTEWKFADKAGKDLGFEVIKIAVPDGEKTLNAIDSLAASGAKGFVICTPDPKLGSAIVAKARGYDMKVIAVDDQFVNAKGKPMDTVPLVMMAATKIGERQGQELYKEMQKRGWDVKESAVMAITANELDTARRRTTGSMDALKAAGFPEKQIYQVPTKSNDIPGAFDAANSMLVQHPEVKHWLIVGMNDSTVLGGVRATEGQGFKAADIIGIGINGVDAVSELSKAQATGFYGSLLPSPDVHGYKSSEMLYNWVAKDVEPPKFTEVTDVVLITRDNFKEELEKKGLGGK"
">1ABF:A"	"ENLKLGFLVKQPEEPWFQTEWKFADKAGKDLGFEVIKIAVPDGEKTLNAIDSLAASGAKGFVICTPDPKLGSAIVAKARGYDMKVIAVDDQFVNAKGKPMDTVPLVMMAATKIGERQGQELYKEMQKRGWDVKESAVMAITANELDTARRRTTGSMDALKAAGFPEKQIYQVPTKSNDIPGAFDAANSMLVQHPEVKHWLIVGMNDSTVLGGVRATEGQGFKAADIIGIGINGVDAVSELSKAQATGFYGSLLPSPDVHGYKSSEMLYNWVAKDVEPPKFTEVTDVVLITRDNFKEELEKKGLGGK"
">1ABI:L"	"TFGSGEADCGLRPLFEKKSLEDKTERELLESYIDGR"
">1ABI:H"	"IVEGSDAEIGMSPWQVMLFRKSPQELLCGASLISDRWVLTAAHCLLYPPWDKNFTENDLLVRIGKHSRTRYERNIEKISMLEKIYIHPRYNWRENLDRDIALMKLKKPVAFSDYIHPVCLPDRETAASLLQAGYKGRVTGWGNLKETWTANVGKGQPSVLQVVNLPIVERPVCKDSTRIRITDNMFCAGYKPDEGKRGDACEGDSGGPFVMKSPFNNRWYQMGIVSWGEGCDRDGKYGFYTHVFRLKKWIQKVIDQFGE"
">1ABI:I"	"FPRGGGGGNGDFEEIPEEYL"
">1ABJ:L"	"TFGSGEADCGLRPLFEKKSLEDKTERELLESYIDGR"
">1ABJ:H"	"IVEGSDAEIGMSPWQVMLFRKSPQELLCGASLISDRWVLTAAHCLLYPPWDKNFTENDLLVRIGKHSRTRYERNIEKISMLEKIYIHPRYNWRENLDRDIALMKLKKPVAFSDYIHPVCLPDRETAASLLQAGYKGRVTGWGNLKETWTANVGKGQPSVLQVVNLPIVERPVCKDSTRIRITDNMFCAGYKPDEGKRGDACEGDSGGPFVMKSPFNNRWYQMGIVSWGEGCDRDGKYGFYTHVFRLKKWIQKVIDQFGE"
">1ABO:B"	"MNDPNLFVALYDFVASGDNTLSITKGEKLRVLGYNHNGEWCEAQTKNGQGWVPSNYITPVNS"
">1ABO:C"	"APTMPPPLPP"
">1ABO:A"	"MNDPNLFVALYDFVASGDNTLSITKGEKLRVLGYNHNGEWCEAQTKNGQGWVPSNYITPVNS"
">1ABO:D"	"APTMPPPLPP"
">1ABQ:A"	"MNDPNLFVALYDFVASGDNTLSITKGEKLRVLGYNHNGEWCEAQTKNGQGWVPSNYITPVNS"
">1ABR:A"	"EDRPIKFSTEGATSQSYKQFIEALRERLRGGLIHDIPVLPDPTTLQERNRYITVELSNSDTESIEVGIDVTNAYVVAYRAGTQSYFLRDAPSSASDYLFTGTDQHSLPFYGTYGDLERWAHQSRQQIPLGLQALTHGISFFRSGGNDNEEKARTLIVIIQMVAEAARFRYISNRVRVSIQTGTAFQPDAAMISLENNWDNLSRGVQESVQDTFPNQVTLTNIRNEPVIVDSLSHPTVAVLALMLFVCNPPN"
">1ABR:B"	"IVEKSKICSSRYEPTVRIGGRDGMCVDVYDNGYHNGNRIIMWKCKDRLEENQLWTLKSDKTIRSNGKCLTTYGYAPGSYVMIYDCTSAVAEATYWEIWDNGTIINPKSALVLSAESSSMGGTLTVQTNEYLMRQGWRTGNNTSPFVTSISGYSDLCMQAQGSNVWMADCDSNKKEQQWALYTDGSIRSVQNTNNCLTSKDHKQGSTILLMGCSNGWASQRWVFKNDGSIYSLYDDMVMDVKGSDPSLKQIILWPYTGKPNQIWLTLF"
">1ABS:A"	"MVLSEGEWQLVLHVWAKVEADVAGHGQDILIRLFKSHPETLEKFDRFKHLKTEAEMKASEDLKKHGVTVLTALGAILKKKGHHEAELKPLAQSHATKHKIPIKYLEFISEAIIHVLHSRHPGNFGADAQGAMNKALELFRKDIAAKYKELGYQG"
">1ABT:A"	"IVCHTTATSPISAVTCPPGENLCYRKMWCDAFCSSRGKVVELGCAATCPSKKPYEEVTCCSTDKCNPHPKQRPG"
">1ABT:B"	"KHWVYYTCCPDT"
">1ABV:A"	"SEFITVARPYAKAAFDFAVEHQSVERWQDMLAFAAEVTKNEQMAELLSGALAPETLAESFIAVCGEQLDENGQNLIRVMAENGRLNALPDVLEQFIHLRAVSEATAEVDVISAAALSEQQLAKISAAMEKRLSR"
">1ABW:A"	"MLSPADKTNVKAAWGKVGAHAGEYGAEALERMFLSFPTTKTYFPHFDLSHGSAQVKGHGKKVADALTNAVAHVDDMPNALSALSDLHAHKLRVDPVNFKLLSHCLLVTLAAHLPAEFTPAVHASLDKFLASVSTVLTSKYRGVLSPADKTNVKAAWGKVGAHAGEYGAEALERMFLSFPTTKTYFPHFDLSHGSAQVKGHGKKVADALTNAVAHVDDMPNALSALSDLHAHKLRVDPVNFKLLSHCLLVTLAAHLPAEFTPAVHASLDKFLASVSTVLTSKYR"
">1ABW:D"	"MHLTPEEKSAVTALWGKVNVDEVGGEALGRLLVVYPWTQRFFESFGDLSTPDAVMGNPKVKAHGKKVLGAFSDGLAHLDNLKGTFATLSELHCDKLHVDPENFRLLGKVLVCVLAHHFGKEFTPPVQAAYQKVVAGVANALAHKYH"
">1ABW:B"	"MHLTPEEKSAVTALWGKVNVDEVGGEALGRLLVVYPWTQRFFESFGDLSTPDAVMGNPKVKAHGKKVLGAFSDGLAHLDNLKGTFATLSELHCDKLHVDPENFRLLGKVLVCVLAHHFGKEFTPPVQAAYQKVVAGVANALAHKYH"
">1ABY:B"	"MHLTPEEKSAVTALWGKVNVDEVGGEALGRLLVVYPWTQRFFESFGDLSTPDAVMGNPKVKAHGKKVLGAFSDGLAHLDNLKGTFATLSELHCDKLHVDPENFRLLGKVLVCVLAHHFGKEFTPPVQAAYQKVVAGVANALAHKYH"
">1ABY:A"	"MLSPADKTNVKAAWGKVGAHAGEYGAEALERMFLSFPTTKTYFPHFDLSHGSAQVKGHGKKVADALTNAVAHVDDMPNALSALSDLHAHKLRVDPVNFKLLSHCLLVTLAAHLPAEFTPAVHASLDKFLASVSTVLTSKYRGVLSPADKTNVKAAWGKVGAHAGEYGAEALERMFLSFPTTKTYFPHFDLSHGSAQVKGHGKKVADALTNAVAHVDDMPNALSALSDLHAHKLRVDPVNFKLLSHCLLVTLAAHLPAEFTPAVHASLDKFLASVSTVLTSKYR"
">1ABY:D"	"MHLTPEEKSAVTALWGKVNVDEVGGEALGRLLVVYPWTQRFFESFGDLSTPDAVMGNPKVKAHGKKVLGAFSDGLAHLDNLKGTFATLSELHCDKLHVDPENFRLLGKVLVCVLAHHFGKEFTPPVQAAYQKVVAGVANALAHKYH"
">1ABZ:A"	"XDWLKARVEQELQALEARGTDSNAELRAMEAKLKAEIQKX"
">1AC0:A"	"CTTPTAVAVTFDLTATTTYGENIYLVGSISQLGDWETSDGIALSADKYTSSDPLWYVTVTLPAGESFEYKFIRIESDDSVEWESDPNREYTVPQACGTSTATVTDTWR"
">1AC1:A"	"AQYEDGKQYTTLEKPVAGAPQVLEFFSFFCPLCYQFEEVLHISDNVKKKLPEGVKMTKYHVNFMGGDLGKDLTQAWAVAMALGVEDKVTVPLFEGVQKTQTIRSASDIRDVFINAGIKGEEYDAAWNSFVVKSLVAQQEKAAADVQLRGVPAMFVNGKYQLNPQGMDTSNMDVFVQQYADTVKYLSEKK"
">1AC1:B"	"AQYEDGKQYTTLEKPVAGAPQVLEFFSFFCPLCYQFEEVLHISDNVKKKLPEGVKMTKYHVNFMGGDLGKDLTQAWAVAMALGVEDKVTVPLFEGVQKTQTIRSASDIRDVFINAGIKGEEYDAAWNSFVVKSLVAQQEKAAADVQLRGVPAMFVNGKYQLNPQGMDTSNMDVFVQQYADTVKYLSEKK"
">1AC4:A"	"MKTLVHVASVEKGRSYEDFQKVYNAIALKLREDDEYDNYIGYGPVLVRLAWHISGTWDKHDNTGGSYGGTYRFKKEFNDPSNAGLQNGFKFLEPIHKEFPWISSGDLFSLGGVTAVQEMQGPKIPWRCGRVDTPEDTTPDNGRLPDADKDAGYVRTFFQRLNMNDREVVALMGAHALGKTHLKNSGYEGPGGAANNVFTNEFYLNLLNEDWKLEKNDANNEQWDSKSGYMMLPTDYSLIQDPKYLSIVKEYANDQDKFFKDFSKAFEKLLEDGITFPKDAPSPFIFKTLEEQGL"
">1AC5:A"	"LPSSEEYKVAYELLPGLSEVPDPSNIPQMHAGHIPLRSEDADEQDSSDLEYFFWKFTNNDSNGNVDRPLIIWLNGGPGCSSMDGALVESGPFRVNSDGKLYLNEGSWISKGDLLFIDQPTGTGFSVEQNKDEGKIDKNKFDEDLEDVTKHFMDFLENYFKIFPEDLTRKIILSGESYAGQYIPFFANAILNHNKFSKIDGDTYDLKALLIGNGWIDPNTQSLSYLPFAMEKKLIDESNPNFKHLTNAHENCQNLINSASTDEAAHFSYQECENILNLLLSYTRESSQKGTADCLNMYNFNLKDSYPSCGMNWPKDISFVSKFFSTPGVIDSLHLDSDKIDHWKECTNSVGTKLSNPISKPSIHLLPGLLESGIEIVLFNGDKDLICNNKGVLDTIDNLKWGGIKGFSDDAVSFDWIHKSKSTDDSEEFSGYVKYDRNLTFVSVYNASHMVPFDKSLVSRGIVDIYSNDVMIIDNNGKNVMITT"
">1AC6:B"	"DSVTQTEGQVALSEEDFLTIHCNYSASGYPALFWYVQYPGEGPQFLFRASRDKEKGSSRGFEATYNKEATSFHLQKASVQESDSAVYYCALSGGNNKLTFGAGTKLTIKP"
">1AC6:A"	"DSVTQTEGQVALSEEDFLTIHCNYSASGYPALFWYVQYPGEGPQFLFRASRDKEKGSSRGFEATYNKEATSFHLQKASVQESDSAVYYCALSGGNNKLTFGAGTKLTIKP"
">1AC8:A"	"MKTLVHVASVEKGRSYEDFQKVYNAIALKLREDDEYDNYIGYGPVLVRLAWHISGTWDKHDNTGGSYGGTYRFKKEFNDPSNAGLQNGFKFLEPIHKEFPWISSGDLFSLGGVTAVQEMQGPKIPWRCGRVDTPEDTTPDNGRLPDADKDAGYVRTFFQRLNMNDREVVALMGAHALGKTHLKNSGYEGPGGAANNVFTNEFYLNLLNEDWKLEKNDANNEQWDSKSGYMMLPTDYSLIQDPKYLSIVKEYANDQDKFFKDFSKAFEKLLEDGITFPKDAPSPFIFKTLEEQGL"
">1ACA:A"	"SQAEFDKAAEEVKHLKTKPADEEMLFIYSHYKQATVGDINTERPGMLDFKGKAKWDAWNELKGTSKEDAMKAYIDKVEELKKKYGI"
">1ACB:I"	"TEFGSELKSFPEVVGKTVDQAREYFTLHYPQYDVYFLPEGSPVTLDLRYNRVRVFYNPGTNVVNHVPHVG"
">1ACB:E"	"CGVPAIQPVLSGLSRIVNGEEAVPGSWPWQVSLQDKTGFHFCGGSLINENWVVTAAHCGVTTSDVVVAGEFDQGSSSEKIQKLKIAKVFKNSKYNSLTINNDITLLKLSTAASFSQTVSAVCLPSASDDFAAGTTCVTTGWGLTRYTNANTPDRLQQASLPLLSNTNCKKYWGTKIKDAMICAGASGVSSCMGDSGGPLVCKKNGAWTLVGIVSWGSSTCSTSTPGVYARVTALVNWVQQTLAAN"
">1ACC:A"	"EVKQENRLLNESESSSQGLLGYYFSDLNFQAPMVVTSSTTGDLSIPSSELENIPSENQYFQSAIWSGFIKVKKSDEYTFATSADNHVTMWVDDQEVINKASNSNKIRLEKGRLYQIKIQYQRENPTEKGLDFKLYWTDSQNKKEVISSDNLQLPELKQKSSNSRKKRSTSAGPTVPDRDNDGIPDSLEVEGYTVDVKNKRTFLSPWISNIHEKKGLTKYKSSPEKWSTASDPYSDFEKVTGRIDKNVSPEARHPLVAAYPIVHVDMENIILSKNEDQSTQNTDSETRTISKNTSTSRTHTSEVHGNAEVHASFFDIGGSVSAGFSNSNSSTVAIDHSLSLAGERTWAETMGLNTADTARLNANIRYVNTGTAPIYNVLPTTSLVLGKNQTLATIKAKENQLSQILAPNNYYPSKNLAPIALNAQDDFSSTPITMNYNQFLELEKTKQLRLDTDQVYGNIATYNFENGRVRVDTGSNWSEVLPQIQETTARIIFNGKDLNLVERRIAAVNPSDPLETTKPDMTLKEALKIAFGFNEPNGNLQYQGKDITEFDFNFDQQTSQNIKNQLAELNATNIYTVLDKIKLNAKMNILIRDKRFHYDRNNIAVGADESVVKEAHREVINSSTEGLLLNIDKDIRKILSGYIVEIEDTEGLKEVINDRYDMLNISSLRQDGKTFIDFKKYNDKLPLYISNPNYKVNVYAVTKENTIINPSENGDTSTNGIKKILIFSKKGYEIG"
">1ACD:A"	"GDAFVGTWKLVSSENFDDYMKEVGVGFATRKDAGMAKPNMIISVNGDLVTIRSESTHKNTEISFKLGVEFDEITADDRKVKSIITLDGGALVQVQKWDGKSTTIKRKRDGDKLVVECVMKGVTSTRVYERA"
">1ACF:A"	"SWQTYVDTNLVGTGAVTQAAILGLDGNTWATSAGFAVTPAQGTTLAGAFNNADAIRAGGFDLAGVHYVTLRADDRSIYGKKGSSGVITVKTSKAILVGVYNEKIQPGTAANVVEKLADYLIGQGF"
">1ACI:A"	"MTFITKTPPAAVLLKKAAGIESGSGEPNRNKVATIKRDKVREIAELKMPDLNAASIEAAMRMIEGTARSMGIVVED"
">1ACJ:A"	"DDHSELLVNTKSGKVMGTRVPVLSSHISAFLGIPFAEPPVGNMRFRRPEPKKPWSGVWNASTYPNNCQQYVDEQFPGFSGSEMWNPNREMSEDCLYLNIWVPSPRPKSTTVMVWIYGGGFYSGSSTLDVYNGKYLAYTEEVVLVSLSYRVGAFGFLALHGSQEAPGNVGLLDQRMALQWVHDNIQFFGGDPKTVTIFGESAGGASVGMHILSPGSRDLFRRAILQSGSPNCPWASVSVAEGRRRAVELGRNLNCNLNSDEELIHCLREKKPQELIDVEWNVLPFDSIFRFSFVPVIDGEFFPTSLESMLNSGNFKKTQILLGVNKDEGSFFLLYGAPGFSKDSESKISREDFMSGVKLSVPHANDLGLDAVTLQYTDWMDDNNGIKNRDGLDDIVGDHNVICPLMHFVNKYTKFGNGTYLYFFNHRASNLVWPEWMGVIHGYEIEFVFGLPLVKELNYTAEEEALSRRIMHYWATFAKTGNPNEPHSQESKWPLFTTKEQKFIDLNTEPMKVHQRLRVQMCVFWNQFLPKLLNATET"
">1ACL:A"	"DDHSELLVNTKSGKVMGTRVPVLSSHISAFLGIPFAEPPVGNMRFRRPEPKKPWSGVWNASTYPNNCQQYVDEQFPGFSGSEMWNPNREMSEDCLYLNIWVPSPRPKSTTVMVWIYGGGFYSGSSTLDVYNGKYLAYTEEVVLVSLSYRVGAFGFLALHGSQEAPGNVGLLDQRMALQWVHDNIQFFGGDPKTVTIFGESAGGASVGMHILSPGSRDLFRRAILQSGSPNCPWASVSVAEGRRRAVELGRNLNCNLNSDEELIHCLREKKPQELIDVEWNVLPFDSIFRFSFVPVIDGEFFPTSLESMLNSGNFKKTQILLGVNKDEGSFFLLYGAPGFSKDSESKISREDFMSGVKLSVPHANDLGLDAVTLQYTDWMDDNNGIKNRDGLDDIVGDHNVICPLMHFVNKYTKFGNGTYLYFFNHRASNLVWPEWMGVIHGYEIEFVFGLPLVKELNYTAEEEALSRRIMHYWATFAKTGNPNEPHSQESKWPLFTTKEQKFIDLNTEPMKVHQRLRVQMCVFWNQFLPKLLNATET"
">1ACM:B"	"MTHDNKLGVEAIKRGTVIDHIPAQIGFKLLSLFKLTETDQRITIGLNLPSGEMGRKDLIKIENTFLSEDQVDQLALYAPQATVNRIDNYEVVGKSRPSLPERIDNVLVCPNSNCISHAEPVSSSFAVRKRANDIALKCKYCEKEFSHNVVLAN"
">1ACM:D"	"MTHDNKLGVEAIKRGTVIDHIPAQIGFKLLSLFKLTETDQRITIGLNLPSGEMGRKDLIKIENTFLSEDQVDQLALYAPQATVNRIDNYEVVGKSRPSLPERIDNVLVCPNSNCISHAEPVSSSFAVRKRANDIALKCKYCEKEFSHNVVLAN"
">1ACM:A"	"ANPLYQKHIISINDLSRDDLNLVLATAAKLKANPQPELLKHKVIASCFFEASTATRLSFQTSMHRLGASVVGFSDSANTSLGKKGETLADTISVISTYVDAIVMRHPQEGAARLATEFSGNVPVLNAGDGSNQHPTQTLLDLFTIQQTEGRLDNLHVAMVGDLKYGRTVHSLTQALAKFDGNRFYFIAPDALAMPEYILDMLDEKGIAWSLHSSIEEVMAEVDILYMTRVQKERLDPSEYANVKAQFVLRASDLHNAKANMKVLHPLPRVDEIATDVDKTPHAWYFQQAGNGIFARQALLALVLNRDLVL"
">1ACM:C"	"ANPLYQKHIISINDLSRDDLNLVLATAAKLKANPQPELLKHKVIASCFFEASTATRLSFQTSMHRLGASVVGFSDSANTSLGKKGETLADTISVISTYVDAIVMRHPQEGAARLATEFSGNVPVLNAGDGSNQHPTQTLLDLFTIQQTEGRLDNLHVAMVGDLKYGRTVHSLTQALAKFDGNRFYFIAPDALAMPEYILDMLDEKGIAWSLHSSIEEVMAEVDILYMTRVQKERLDPSEYANVKAQFVLRASDLHNAKANMKVLHPLPRVDEIATDVDKTPHAWYFQQAGNGIFARQALLALVLNRDLVL"
">1ACO:A"	"ERAKVAMSHFEPHEYIRYDLLEKNIDIVRKRLNRPLTLSEKIVYGHLDDPANQEIERGKTYLRLRPDRVAMQDATAQMAMLQFISSGLPKVAVPSTIHCDHLIEAQLGGEKDLRRAKDINQEVYNFLATAGAKYGVGFWRPGSGIIHQIILENYAYPGVLLIGTDSHTPNGGGLGGICIGVGGADAVDVMAGIPWELKCPKVIGVKLTGSLSGWTSPKDVILKVAGILTVKGGTGAIVEYHGPGVDSISCTGMATICNMGAEIGATTSVFPYNHRMKKYLSKTGRADIANLADEFKDHLVPDSGCHYDQLIEINLSELKPHINGPFTPDLAHPVAEVGSVAEKEGWPLDIRVGLIGSCTNSSYEDMGRSAAVAKQALAHGLKCKSQFTITPGSEQIRATIERDGYAQVLRDVGGIVLANACGPCIGQWDRKDIKKGEKNTIVTSYNRNFTGRNDANPETHAFVTSPEIVTALAIAGTLKFNPETDFLTGKDGKKFKLEAPDADELPRAEFDPGQDTYQHPPKDSSGQRVDVSPTSQRLQLLEPFDKWDGKDLEDLQILIKVKGKCTTDHISAAGPWLKFRGHLDNISNNLLIGAINSENRKANSVRNAVTQEFGPVPDTARYYKQHGIRWVVIGDENYGEGSSREHSALEPRFLGGRAIITKSFARIHETNLKKQGLLPLTFADPADYNKIHPVDKLTIQGLKDFAPGKPLTCIIKHPNGTQETILLNHTFNETQIEWFRAGSALNRMKELQQK"
">1ACP:A"	"STIEERVKKIIGEQLGVKQEEVTNNASFVEDLGADSLDTVELVMALEEEFDTEIPDEEAEKITTVQAAIDYINGHQA"
">1ACV:B"	"AQYEDGKQYTTLEKPVAGAPQVLEFFSFFCPSCYQFEEVLHISDNVKKKLPEGVKMTKYHVNFMGGDLGKDLTQAWAVAMALGVEDKVTVPLFEGVQKTQTIRSASDIRDVFINAGIKGEEYDAAWNSFVVKSLVAQQEKAAADVQLRGVPAMFVNGKYQLNPQGMDTSNMDVFVQQYADTVKYLSEKK"
">1ACV:A"	"AQYEDGKQYTTLEKPVAGAPQVLEFFSFFCPSCYQFEEVLHISDNVKKKLPEGVKMTKYHVNFMGGDLGKDLTQAWAVAMALGVEDKVTVPLFEGVQKTQTIRSASDIRDVFINAGIKGEEYDAAWNSFVVKSLVAQQEKAAADVQLRGVPAMFVNGKYQLNPQGMDTSNMDVFVQQYADTVKYLSEKK"
">1ACW:A"	"VSCEDCPEHCSTQKAQAKCDNDKCVCEPI"
">1ACX:A"	"APAFSVSPASGASDGQSVSVSVAAAGETYYIAQCAPVGGQDACNPATATSFTTDASGAASFSFTVRKSYAGQTPSGTPVGSVDCATDACNLGAGNSGLNLGHVALTFG"
">1ACY:P"	"YNKRKRIHIGPGRAFYTTKNIIGC"
">1ACY:L"	"DIVMTQSPASLVVSLGQRATISCRASESVDSYGKSFMHWYQQKPGQPPKVLIYIASNLESGVPARFSGSGSRTDFTLTIDPVEADDAATYYCQQNNEDPPTFGAGTKLEMRRADAAPTVSIFPPSSEQLTSGGASVVCFLNNFYPKDINVKWKIDGSERQNGVLNSWTDQDSKDSTYSMSSTLTLTKDEYERHNSYTCEATHKTSTSPIVKSFNR"
">1ACY:H"	"QVKLQESGPAVIKPSQSLSLTCIVSGFSITRTNYCWHWIRQAPGKGLEWMGRICYEGSIYYSPSIKSRSTISRDTSLNKFFIQLISVTNEDTAMYYCSRENHMYETYFDVWGQGTTVTVSSAKTTPPSVYPLAPGSAAQTNSMVTLGCLVKGYFPEPVTVTWNSGSLSSGVHTFPAVLQSDLYTLSSSVTVPSSPRPSETVTCNVAHPASSTKVDKKIVPR"
">1ACZ:A"	"CTTPTAVAVTFDLTATTTYGENIYLVGSISQLGDWETSDGIALSADKYTSSDPLWYVTVTLPAGESFEYKFIRIESDDSVEWESDPNREYTVPQACGTSTATVTDTWR"
">1AD0:D"	"EVQLLESGGGLVQPGGSLRLSCATSGFTFTDYYMNWVRQAPGKGLEWLGFIGNKANGYTTEYSASVKGRFTISRDKSKSTLYLQMNTLQAEDSAIYYCTRDRGLRFYFDYWGQGTLVTVSSASTKGPSVFPLAPCSRSTSESTAALGCLVKDYFPEPVTVSWNSGALTSGVHTFPAVLQSSGLYSLSSVVTVPSSSLGTKTYTCNVDHKPSNTKVDKRVE"
">1AD0:B"	"EVQLLESGGGLVQPGGSLRLSCATSGFTFTDYYMNWVRQAPGKGLEWLGFIGNKANGYTTEYSASVKGRFTISRDKSKSTLYLQMNTLQAEDSAIYYCTRDRGLRFYFDYWGQGTLVTVSSASTKGPSVFPLAPCSRSTSESTAALGCLVKDYFPEPVTVSWNSGALTSGVHTFPAVLQSSGLYSLSSVVTVPSSSLGTKTYTCNVDHKPSNTKVDKRVE"
">1AD0:A"	"QTVLTQSPSSLSVSVGDRVTITCRASSSVTYIHWYQQKPGLAPKSLIYATSNLASGVPSRFSGSGSGTDYTFTISSLQPEDIATYYCQHWSSKPPTFGQGTKVEVKRTVAAPSVFIFPPSDEQLKSGTASVVCLLNNFYPREAKVQWKVDNALQSGNSQESVTEQDSKDSTYSLSSTLTLSKADYEKHKVYACEVTHQGLSSPVTKSFNRGEC"
">1AD0:C"	"QTVLTQSPSSLSVSVGDRVTITCRASSSVTYIHWYQQKPGLAPKSLIYATSNLASGVPSRFSGSGSGTDYTFTISSLQPEDIATYYCQHWSSKPPTFGQGTKVEVKRTVAAPSVFIFPPSDEQLKSGTASVVCLLNNFYPREAKVQWKVDNALQSGNSQESVTEQDSKDSTYSLSSTLTLSKADYEKHKVYACEVTHQGLSSPVTKSFNRGEC"
">1AD1:B"	"TKTKIMGILNVTPDSFSDGGKFNNVESAVTRVKAMMDEGADIIDVGGVSTRPGHEMITVEEELNRVLPVVEAIVGFDVKISVDTFRSEVAEACLKLGVDIINDQWAGLYDHRMFQVVAKYDAEIVLMHNGNGNRDEPVVEEMLTSLLAQAHQAKIAGIPSNKIWLDPGIGFAKTRNEEAEVMARLDELVATEYPVLLATSRKRFTKEMMGYDTTPVERDEVTAATTAYGIMKGVRAVRVHNVELNAKLAKGIDFLKENENARHNFS"
">1AD1:A"	"TKTKIMGILNVTPDSFSDGGKFNNVESAVTRVKAMMDEGADIIDVGGVSTRPGHEMITVEEELNRVLPVVEAIVGFDVKISVDTFRSEVAEACLKLGVDIINDQWAGLYDHRMFQVVAKYDAEIVLMHNGNGNRDEPVVEEMLTSLLAQAHQAKIAGIPSNKIWLDPGIGFAKTRNEEAEVMARLDELVATEYPVLLATSRKRFTKEMMGYDTTPVERDEVTAATTAYGIMKGVRAVRVHNVELNAKLAKGIDFLKENENARHNFS"
">1AD2:A"	"PKHGKRYRALLEKVDPNKIYTIDEAAHLVKELATAKFDETVEVHAKLGIDPRRSDQNVRGTVSLPHGLGKQVRVLAIAKGEKIKEAEEAGADYVGGEEIIQKILDGWMDFDAVVATPDVMGAVGSKLGRILGPRGLLPNPKAGTVGFNIGEIIREIKAGRIEFRNDKTGAIHAPVGKACFPPEKLADNIRAFIRALEAHKPEGAKGTFLRSVYVTTTMGPSVRINPHS"
">1AD3:A"	"MSISDTVKRAREAFNSGKTRSLQFRIQQLEALQRMINENLKSISGALASDLGKNEWTSYYEEVAHVLEELDTTIKELPDWAEDEPVAKTRQTQQDDLYIHSEPLGVVLVIGAWNYPFNLTIQPMVGAVAAGNAVILKPSEVSGHMADLLATLIPQYMDQNLYLVVKGGVPETTELLKERFDHIMYTGSTAVGKIVMAAAAKHLTPVTLELGGKSPCYVDKDCDLDVACRRIAWGKFMNSGQTCVAPDYILCDPSIQNQIVEKLKKSLKDFYGEDAKQSRDYGRIINDRHFQRVKGLIDNQKVAHGGTWDQSSRYIAPTILVDVDPQSPVMQEEIFGPVMPIVCVRSLEEAIQFINQREKPLALYVFSNNEKVIKKMIAETSSGGVTANDVIVHITVPTLPFGGVGNSGMGAYHGKKSFETFSHRRSCLVKSLLNEEAHKARYPPSPAKMPRH"
">1AD3:B"	"MSISDTVKRAREAFNSGKTRSLQFRIQQLEALQRMINENLKSISGALASDLGKNEWTSYYEEVAHVLEELDTTIKELPDWAEDEPVAKTRQTQQDDLYIHSEPLGVVLVIGAWNYPFNLTIQPMVGAVAAGNAVILKPSEVSGHMADLLATLIPQYMDQNLYLVVKGGVPETTELLKERFDHIMYTGSTAVGKIVMAAAAKHLTPVTLELGGKSPCYVDKDCDLDVACRRIAWGKFMNSGQTCVAPDYILCDPSIQNQIVEKLKKSLKDFYGEDAKQSRDYGRIINDRHFQRVKGLIDNQKVAHGGTWDQSSRYIAPTILVDVDPQSPVMQEEIFGPVMPIVCVRSLEEAIQFINQREKPLALYVFSNNEKVIKKMIAETSSGGVTANDVIVHITVPTLPFGGVGNSGMGAYHGKKSFETFSHRRSCLVKSLLNEEAHKARYPPSPAKMPRH"
">1AD4:B"	"TKTKIMGILNVTPDSFSDGGKFNNVESAVTRVKAMMDEGADIIDVGGVSTRPGHEMITVEEELNRVLPVVEAIVGFDVKISVDTFRSEVAEACLKLGVDIINDQWAGLYDHRMFQVVAKYDAEIVLMHNGNGNRDEPVVEEMLTSLLAQAHQAKIAGIPSNKIWLDPGIGFAKTRNEEAEVMARLDELVATEYPVLLATSRKRFTKEMMGYDTTPVERDEVTAATTAYGIMKGVRAVRVHNVELNAKLAKGIDFLKENENARHNFS"
">1AD4:A"	"TKTKIMGILNVTPDSFSDGGKFNNVESAVTRVKAMMDEGADIIDVGGVSTRPGHEMITVEEELNRVLPVVEAIVGFDVKISVDTFRSEVAEACLKLGVDIINDQWAGLYDHRMFQVVAKYDAEIVLMHNGNGNRDEPVVEEMLTSLLAQAHQAKIAGIPSNKIWLDPGIGFAKTRNEEAEVMARLDELVATEYPVLLATSRKRFTKEMMGYDTTPVERDEVTAATTAYGIMKGVRAVRVHNVELNAKLAKGIDFLKENENARHNFS"
">1AD5:A"	"EDIIVVALYDYEAIHHEDLSFQKGDQMVVLEESGEWWKARSLATRKEGYIPSNYVARVDSLETEEWFFKGISRKDAERQLLAPGNMLGSFMIRDSETTKGSYSLSVRDYDPRQGDTVKHYKIRTLDNGGFYISPRSTFSTLQELVDHYKKGNDGLCQKLSVPCMSSKPQKPWEKDAWEIPRESLKLEKKLGAGQFGEVWMATYNKHTKVAVKTMKPGSMSVEAFLAEANVMKTLQHDKLVKLHAVVTKEPIYIITEFMAKGSLLDFLKSDEGSKQPLPKLIDFSAQIAEGMAFIEQRNYIHRDLRAANILVSASLVCKIADFGLARVGAKFPIKWTAPEAINFGSFTIKSDVWSFGILLMEIVTYGRIPYPGMSNPEVIRALERGYRMPRPENCPEELYNIMMRCWKNRPEERPTFEYIQSVLDDFYTATESQYQQQP"
">1AD5:B"	"EDIIVVALYDYEAIHHEDLSFQKGDQMVVLEESGEWWKARSLATRKEGYIPSNYVARVDSLETEEWFFKGISRKDAERQLLAPGNMLGSFMIRDSETTKGSYSLSVRDYDPRQGDTVKHYKIRTLDNGGFYISPRSTFSTLQELVDHYKKGNDGLCQKLSVPCMSSKPQKPWEKDAWEIPRESLKLEKKLGAGQFGEVWMATYNKHTKVAVKTMKPGSMSVEAFLAEANVMKTLQHDKLVKLHAVVTKEPIYIITEFMAKGSLLDFLKSDEGSKQPLPKLIDFSAQIAEGMAFIEQRNYIHRDLRAANILVSASLVCKIADFGLARVGAKFPIKWTAPEAINFGSFTIKSDVWSFGILLMEIVTYGRIPYPGMSNPEVIRALERGYRMPRPENCPEELYNIMMRCWKNRPEERPTFEYIQSVLDDFYTATESQYQQQP"
">1AD6:A"	"VMNTIQQLMMILNSASDQPSENLISYFNNCTVNPKESILKRVKDIGYIFKEKFAKAVGQGCVEIGSQRYKLGVRLYYRVMESMLKSEEERLSIQNFSKLLNDNIFHMSLLACALEVVMATYSRSTSQNLDSGTDLSFPWILNVLNLKAFDFYKVIESFIKAEGNLTREMIKHLERCEHRIMESLA"
">1AD7:A"	"GEEELQENQELIREKSNX"
">1AD8:I"	"DFEEIPEEYL"
">1AD8:H"	"IVEGSDAEIGMSPWQVMLFRKSPQELLCGASLISDRWVLTAAHCLLYPPWDKNFTENDLLVRIGKHSRTRYERNIEKISMLEKIYIHPRYNWRENLDRDIALMKLKKPVAFSDYIHPVCLPDRETAASLLQAGYKGRVTGWGNLKETWTANVGKGQPSVLQVVNLPIVERPVCKDSTRIRITDNMFCAGYKPDEGKRGDACEGDSGGPFVMKSPFNNRWYQMGIVSWGEGCDRDGKYGFYTHVFRLKKWIQKVIDQFGE"
">1AD8:L"	"TFGSGEADCGLRPLFEKKSLEDKTERELLESYIDGR"
">1AD9:H"	"EIQLVQSGAEVKKPGSSVKVSCKASGYTFTDYYINWMRQAPGQGLEWIGWIDPGSGNTKYNEKFKGRATLTVDTSTNTAYMELSSLRSEDTAFYFCAREKTTYYYAMDYWGQGTLVTVSSASTKGPSVFPLAPCSRSTSESTAALGCLVKDYFPEPVTVSWNSGALTSGVHTFPAVLQSSGLYSLSSVVTVPSSSLGTKTYTCNVDHKPSNTKVDKRVE"
">1AD9:B"	"EIQLVQSGAEVKKPGSSVKVSCKASGYTFTDYYINWMRQAPGQGLEWIGWIDPGSGNTKYNEKFKGRATLTVDTSTNTAYMELSSLRSEDTAFYFCAREKTTYYYAMDYWGQGTLVTVSSASTKGPSVFPLAPCSRSTSESTAALGCLVKDYFPEPVTVSWNSGALTSGVHTFPAVLQSSGLYSLSSVVTVPSSSLGTKTYTCNVDHKPSNTKVDKRVE"
">1AD9:L"	"DIQMTQSPSTLSASVGDRVTITCRSSKSLLHSNGDTFLYWFQQKPGKAPKLLMYRMSNLASGVPSRFSGSGSGTEFTLTISSLQPDDFATYYCMQHLEYPFTFGQGTKVEVKRTVAAPSVFIFPPSDEQLKSGTASVVCLLNNFYPREAKVQWKVDNALQSGNSQESVTEQDSKDSTYSLSSTLTLSKADYEKHKVYACEVTHQGLSSPVTKSFNRGEC"
">1AD9:A"	"DIQMTQSPSTLSASVGDRVTITCRSSKSLLHSNGDTFLYWFQQKPGKAPKLLMYRMSNLASGVPSRFSGSGSGTEFTLTISSLQPDDFATYYCMQHLEYPFTFGQGTKVEVKRTVAAPSVFIFPPSDEQLKSGTASVVCLLNNFYPREAKVQWKVDNALQSGNSQESVTEQDSKDSTYSLSSTLTLSKADYEKHKVYACEVTHQGLSSPVTKSFNRGEC"
">1ADB:B"	"STAGKVIKCKAAVLWEEKKPFSIEEVEVAPPKAHEVRIKMVATGICRSDDHVVSGTLVTPLPVIAGHEAAGIVESIGEGVTTVRPGDKVIPLFTPQCGKCRVCKHPEGNFCLKNDLSMPRGTMQDGTSRFTCRGKPIHHFLGTSTFSQYTVVDEISVAKIDAASPLEKVCLIGCGFSTGYGSAVKVAKVTQGSTCAVFGLGGVGLSVIMGCKAAGAARIIGVDINKDKFAKAKEVGATECVNPQDYKKPIQEVLTEMSNGGVDFSFEVIGRLDTMVTALSCCQEAYGVSVIVGVPPDSQNLSMNPMLLLSGRTWKGAIFGGFKSKDSVPKLVADFMAKKFALDPLITHVLPFEKINEGFDLLRSGESIRTILTF"
">1ADB:A"	"STAGKVIKCKAAVLWEEKKPFSIEEVEVAPPKAHEVRIKMVATGICRSDDHVVSGTLVTPLPVIAGHEAAGIVESIGEGVTTVRPGDKVIPLFTPQCGKCRVCKHPEGNFCLKNDLSMPRGTMQDGTSRFTCRGKPIHHFLGTSTFSQYTVVDEISVAKIDAASPLEKVCLIGCGFSTGYGSAVKVAKVTQGSTCAVFGLGGVGLSVIMGCKAAGAARIIGVDINKDKFAKAKEVGATECVNPQDYKKPIQEVLTEMSNGGVDFSFEVIGRLDTMVTALSCCQEAYGVSVIVGVPPDSQNLSMNPMLLLSGRTWKGAIFGGFKSKDSVPKLVADFMAKKFALDPLITHVLPFEKINEGFDLLRSGESIRTILTF"
">1ADC:A"	"STAGKVIKCKAAVLWEEKKPFSIEEVEVAPPKAHEVRIKMVATGICRSDDHVVSGTLVTPLPVIAGHEAAGIVESIGEGVTTVRPGDKVIPLFTPQCGKCRVCKHPEGNFCLKNDLSMPRGTMQDGTSRFTCRGKPIHHFLGTSTFSQYTVVDEISVAKIDAASPLEKVCLIGCGFSTGYGSAVKVAKVTQGSTCAVFGLGGVGLSVIMGCKAAGAARIIGVDINKDKFAKAKEVGATECVNPQDYKKPIQEVLTEMSNGGVDFSFEVIGRLDTMVTALSCCQEAYGVSVIVGVPPDSQNLSMNPMLLLSGRTWKGAIFGGFKSKDSVPKLVADFMAKKFALDPLITHVLPFEKINEGFDLLRSGESIRTILTF"
